"studytime","failures","avg_grade"
1,0,"11.5945945945945946"
1,1,"8.1250000000000000"
1,2,"2.8333333333333333"
1,3,"5.5555555555555556"
2,0,"10.8227848101265823"
2,1,"8.1538461538461538"
2,2,"7.2857142857142857"
2,3,"5.8571428571428571"
3,0,"12.0185185185185185"
3,1,"7.7142857142857143"
3,2,"9.5000000000000000"
4,0,"11.3076923076923077"
4,1,"10.0000000000000000"
